Model,Accuracy,F1 Score,Precision,Recall,CV Score
Random Forest,0.9731285988483686,0.9730929632619628,0.9738974027285978,0.9731285988483686,0.9634615384615385
Decision Tree,0.9520153550863724,0.9517695244881288,0.9535812062582444,0.9520153550863724,0.9427884615384616
Logistic Regression,0.8982725527831094,0.8963070342537325,0.9000965848521945,0.8982725527831094,0.898076923076923
Support Vector Machine,0.8541266794625719,0.8557511633483659,0.8645514975888061,0.8541266794625719,0.854326923076923
K-Nearest Neighbors,0.6084452975047985,0.5992947029244127,0.6267243952863867,0.6084452975047985,0.6221153846153846
